3,AE307,AE201 ES204 MA441
3,AE308,AE201 ES305
3,AE313,EGR115 ES204
1,AE314,COM221 AE307 AE308 AE319
1,AE315,COM221 AE307 AE308 AE319
3,AE316,ES202 CHM110 CHM110L
3,AE318,ES202
3,AE319,AE201 ES305
3,AE323,AE201
3,AE350 
3,AE403,AE307 AE308
3,AE409,ES202 AE316
3,AE413,AE307
3,AE414,AE319|AE307 AE308
3,AE415,AE413
1,AE417,COM221 AE316 EE327 EE328 
3,AE418,AE318
4,AE420,COM219 AE314 AE315 AE403 AE413
4,AE421,AE316 AE418 AE420
3,AE426,AE313 MA432|MA441
4,AE427,AE314 AE315 AE414 AE426 
3,AE429,EE327 EE328
3,AE432,AE413
4,AE435,AE314 AE315 COM219 AE403
4,AE440,AE435
4,AE441,AE314 AE315 AE414 AE323|AE307 AE308
1,AE442,COM221 AE432|AE434
1,AE443,COM221 AE432|AE434
4,AE445,AE318 AE427 AE434
4,AE451,AE318 AE441
3,AE455,AE307 AE308