BA308,BA201
BA310,BA201|AS120|AS121
BA314,BA201
BA315,BA201
BA317,BA201
BA318,BA201
BA320,BA230
BA321,BA320
BA322,BA201
BA324,BA201
BA325,BA201 COM219 COM221
BA327,BA201
BA328
BA335,BA201
BA336,MK220 BA230|BA232
BA343,ACC210
BA345 
BA352,BA232
BA363 
BA410,BA215
BA411,BA201 MA222
BA412,BA310 MA222
BA419,BA201 MA222
BA420,MA222 MA241
BA422,BA201 MA222
BA424,MA222 MA241
BA425,BA201
BA426,BA335
BA427,BA201 COM219 COM221
BA430,EC200 EC210 EC211
BA437 
BA438,BA318
BA452,BA201
BA490,BA352