ME303,ES202|ES204
ME304,ES202
ME306,ES204
ME307,EE327
ME311,EGR115 CS223
ME313,EE327
ME314
ME316,ES305
ME320,ES204
ME325,ES202|ES204|MA345
ME326,ES202|ES204|MA345
ME400,MA345|ES202|ES204
ME401,ES309
ME402,ES204
ME403,ES305|MA345
ME404,ES204
ME405,ES305
ME407,ME304|ME404 ME313|ME314|ME325|ME326
ME408,ES305
ME409,ES201|ES204|ES309|ES305
ME410,ES320|ME304
ME411,ES305
ME413,ME304|ES305|ME325|ME326
ME414,ME304|ES403|ME325|ME326
ME424,ME304 AE318
ME428,MA345|ME304 AE318
ME433,ME413
ME434,ME414
ME436 
ME437,ME407
ME438,MA345|ME313|ME314
ME438L,MA345
ME439,ME303
ME442,ES309
ME443,ES305
ME445,ES305
ME448,ME304|ME325|ME326
ME458,ME448
ME460,ME304 AE318
ME491,ME407 ME413 ME414 ME448
